{"parent":"page.-3.json","context":{"market":"international"},"sections":{"custom_liquid_3Lhgxf":{"settings":{"custom_liquid":"<div style=\"font-family: Arial, sans-serif; font-size: 12px; line-height: 1.6; color: #333; padding: 20px; background-color: #f9f9f9; border-radius: 10px;\">\n  <h2 style=\"text-align: center; color: #2c3e50;\">Return Policy<\/h2>\n  \n  <h3 style=\"border-bottom: 2px solid #2c3e50; padding-bottom: 5px; color: #2980b9;\">1. Return\/Exchange Procedures<\/h3>\n  <p>Returns\/exchanges of eligible items will be accepted only within 7 business days including the day of delivery.<\/p>\n  <p>Returns\/exchanges due to customer preferences (e.g., incorrect sizing, color mismatch) cannot be accepted.<\/p>\n  <p>Please contact our Customer Center before initiating any return\/exchange. Our support team will guide you through the process.<\/p>\n  <span style=\"color: #e74c3c;\">If the return is caused by the consumer, consumer should be responsible for the shipping fee. <br>The specific fee should be based on the express company you choose.<br>If due to our reasons, the goods received are damaged or not correct, and the consumer is not required to bear the shipping fee for this reason.<\/span><\/p>\n\n  <h3 style=\"border-bottom: 2px solid #2c3e50; padding-bottom: 5px; color: #2980b9;\">2. Shipping Fees for Returns\/Exchanges<\/h3>\n  <p>We will cover shipping costs ONLY in the following cases:<\/p>\n  <ul style=\"list-style-type: disc; margin-left: 20px;\">\n    <li>Incorrect item received<\/li>\n    <li>Defective product<\/li>\n    <li>Damage during shipping<\/li>\n  <\/ul>\n  <p>Returns\/exchanges will NOT be accepted in these cases:<\/p>\n  <ul style=\"list-style-type: disc; margin-left: 20px;\">\n    <li>Order cancellation, return, or exchange due to customer preference<\/li>\n    <li>Items with removed tags\/packaging<\/li>\n    <li>Used, washed, stained, or odorous items<\/li>\n    <li>Customer-damaged items<\/li>\n  <\/ul>\n\n  <h3 style=\"border-bottom: 2px solid #2c3e50; padding-bottom: 5px; color: #2980b9;\">3. Non-Acceptable Return Cases<\/h3>\n  <p>Order cancellation, return, or exchange due to customer preference<\/p>\n  <p>Items with removed tags\/packaging<\/p>\n  <p>Used, washed, stained, or odorous items<\/p>\n  <p>Customer-damaged items<\/p>\n\n  <h3 style=\"border-bottom: 2px solid #2c3e50; padding-bottom: 5px; color: #2980b9;\">4. How to Request Returns\/Exchanges<\/h3>\n  <p>Submit your request through our inquiry form before proceeding.<\/p>\n  <p>We will provide return instructions after verification.<\/p>\n\n  <h3 style=\"border-bottom: 2px solid #2c3e50; padding-bottom: 5px; color: #2980b9;\">5. Important Notes<\/h3>\n  <p>Returns may be rejected if items are not in resalable condition.<\/p>\n  <p>Items with removed tags, signs of use\/washing, stains, or odors cannot be returned.<\/p>\n<\/div>"},"blocks":{}}}}