{"sections":{"main":{"type":"main-page","disabled":true,"settings":{"padding_top":36,"padding_bottom":36}},"image_banner":{"type":"image-banner","settings":{"image_overlay_opacity":20,"image_height":"adapt","desktop_content_position":"middle-left","show_text_box":false,"desktop_content_alignment":"left","color_scheme":"","image_behavior":"none","mobile_content_alignment":"center","stack_images_on_mobile":true,"show_text_below":true}},"custom_liquid_pJFqL6":{"type":"custom-liquid","settings":{"custom_liquid":"<div style=\"font-family: Arial, sans-serif; font-size: 12px; line-height: 1.6; color: #333; padding-left: 10px; padding-right: 10px;\">\n  <h2 style=\"color: #2c3e50; font-size: 18px;\">{{ \"営業時間について\" }}<\/h2>\n  <p>{{ \"インターネットでのご注文は24時間受け付けております。\" }}<\/p>\n  <p style=\"color: #e74c3c;\">\n    ※<span style=\"color: #2c3e50;\">{{ \"(営業時間9~17時)\" }}<\/span>\n    {{ \"17時以降・休業日（土日祝日）のメールにつきましては、\" }}<br>\n    {{ \"・翌営業日に返信させていただきますのでご了承ください。\" }}<br>\n    ・{{ \"深夜に返信させていただき可能性がありますので、是非お許しください。\" }}\n  <\/p>\n<\/div>","color_scheme":"","padding_top":40,"padding_bottom":52}},"form":{"type":"contact-form","settings":{"heading":"お問い合せフォーム","heading_size":"h2","color_scheme":"scheme-1","padding_top":36,"padding_bottom":36}}},"order":["main","image_banner","custom_liquid_pJFqL6","form"]}