{"parent":"page.shopping-guidence.json","context":{"market":"international"},"sections":{"custom_liquid_khJYta":{"settings":{"custom_liquid":"<!DOCTYPE html>\n<html lang=\"en\">\n<head>\n    <meta charset=\"UTF-8\">\n    <meta name=\"viewport\" content=\"width=device-width, initial-scale=1.0\">\n    <title>SHOPPING GUIDANCE<\/title>\n    <style>\n        body {\n            font-family: Arial;\n            margin: 0;\n            padding: 0;\n            background-color: white;\n        }\n        .header {\n            font-family: Arial;\n            font-size: 16px;\n            color: black;\n            background-color: #F2ECF6;\n            padding: 10px 15px;\n            position: sticky;\n            top: 0;\n            z-index: 1000;\n            white-space: nowrap;\n            overflow: hidden;\n            text-overflow: ellipsis;\n        }\n        .navbar {\n            background-color: white;\n            padding: 20px 0;\n            text-align: center;\n            display: flex;\n            flex-wrap: wrap;\n            justify-content: center;\n            gap: 10px;\n        }\n        .navbar a {\n            text-decoration: none;\n            color: black;\n            font-size: 12px;\n            width: 140px;\n            height: 40px;\n            text-align: center;\n            line-height: 40px;\n            border-radius: 25px;\n            background-color: #F2ECF6;\n            display: inline-block;\n            cursor: pointer;\n        }\n        .divider {\n            width: 100%;\n            height: 2px;\n            background: linear-gradient(to right, transparent, black, transparent);\n            margin: 10px 0;\n        }\n        .section {\n            max-width: 800px;\n            margin: 10px auto 0;\n            padding: 20px;\n        }\n        h1 {\n            font-size: 20px;\n            text-align: center;\n            background-color: #F2ECF6;\n            padding: 5px;\n            margin-bottom: 20px;\n            border-radius: 5px;\n        }\n        \/* Click to expand text *\/\n        .explain {\n            color: blue;\n            cursor: pointer;\n            text-decoration: underline;\n        }\n        .hidden-content {\n            display: none;\n            padding-left: 20px;\n        }\n    <\/style>\n<\/head>\n<body>\n\n<div class=\"header\">\n    SHOPPING GUIDANCE\n<\/div>\n\n<div class=\"navbar\">\n    <a href=\"#section1\">About the Store<\/a>\n    <a href=\"#section2\">Payment<\/a>\n    <a href=\"#section3\">Shipping<\/a>\n    <a href=\"#section4\">Notification Feature<\/a>\n    <a href=\"#section5\">Returns & Exchanges<\/a>\n    <a href=\"https:\/\/nogenki.com\/pages\/contact\" target=\"_blank\">Contact<\/a>\n<\/div>\n\n<div class=\"divider\"><\/div>\n\n<!-- Section 1 -->\n<div id=\"section1\" class=\"section\">\n    <h1>About the Store<\/h1>\n    <p>RUZO Co., Ltd.<br>Corporate Number: 4010001237784<br>Sales Representative: Yoshio Ibe<br>Address: 3-2-9-404, Irifune, Chuo-ku, Tokyo<br>Phone Number: 03-6275-2101<br>Email Address: <a href=\"mailto:nogenki@hotmail.com\">nogenki@hotmail.com<\/a><br>Website: <a href=\"https:\/\/nogenki.com\" target=\"_blank\">https:\/\/nogenki.com<\/a><\/p>\n<\/div>\n\n<!-- Section 2 -->\n<div id=\"section2\" class=\"section\">\n    <h1>Payment<\/h1>\n    <h2 style=\"font-family: Arial; margin-bottom: 10px; text-align: center; border-bottom: 3px solid #F2ECF6; display: inline-block;\">Payment Methods <\/h2>\n    \n    <div onclick=\"toggleExplain('creditCard')\" style=\"background-color: #f0f0f0; padding: 10px; cursor: pointer; margin-bottom: 5px;\">\n        Credit Card\n    <\/div>\n    <div id=\"creditCard\" style=\"display: none; padding: 10px; border: 1px solid #ccc;\">\n        We accept Visa, MasterCard, JCB, American Express, Diners Club International, and Discover.<br>\n        ○ Notes on credit card payments:<br>\n        ・In some cases, we may not be able to offer this method depending on the credit card company's screening.<br>\n        ・If an error occurs with the card, we will stop shipment and contact you via email.<br>\n        ・For security reasons, we do not send a copy of the credit card receipt (invoice) by default.<br>\n        ・We use cardholder authentication (EMV 3-D Secure).\n    <\/div>\n\n    <div onclick=\"toggleExplain('payPay')\" style=\"background-color: #f0f0f0; padding: 10px; cursor: pointer; margin-bottom: 5px;\">\n        PayPay\n    <\/div>\n    <div id=\"payPay\" style=\"display: none; padding: 10px; border: 1px solid #ccc;\">\n        PayPay is a cashless payment service operated by PayPay Corporation.<br>\n        ※Note: This method cannot be used for orders containing pre-order items.\n    <\/div>\n\n    <div onclick=\"toggleExplain('payPal')\" style=\"background-color: #f0f0f0; padding: 10px; cursor: pointer; margin-bottom: 5px;\">\n        PayPal\n    <\/div>\n    <div id=\"payPal\" style=\"display: none; padding: 10px; border: 1px solid #ccc;\">\n        PayPal is a cashless payment service operated by PayPal Inc.<br>\n        ※Note: This method cannot be used for orders containing pre-order items.\n    <\/div>\n\n    <div onclick=\"toggleExplain('convenience')\" style=\"background-color: #f0f0f0; padding: 10px; cursor: pointer; margin-bottom: 5px;\">\n        Convenience Store Payment\n    <\/div>\n    <div id=\"convenience\" style=\"display: none; padding: 10px; border: 1px solid #ccc;\">\n        Convenience store payment is a payment method through stores that accept payments for goods.<br>\n        It allows payment at any time at convenience stores.\n    <\/div>\n\n    <div onclick=\"toggleExplain('bankTransfer')\" style=\"background-color: #f0f0f0; padding: 10px; cursor: pointer; margin-bottom: 5px;\">\n        Bank Transfer\n    <\/div>\n    <div id=\"bankTransfer\" style=\"display: none; padding: 10px; border: 1px solid #ccc;\">\n        Bank transfer is a payment method where the customer pays directly into the business’s bank account after purchasing the product online.\n    <\/div>\n\n    <div onclick=\"toggleExplain('paidy')\" style=\"background-color: #f0f0f0; padding: 10px; cursor: pointer; margin-bottom: 5px;\">\n        Pay Later (Paidy)\n    <\/div>\n    <div id=\"paidy\" style=\"display: none; padding: 10px; border: 1px solid #ccc;\">\n        Paidy is a payment method that allows you to pay next month after making an online purchase.<br>\n        Paidy handles the payment collection, and the shop can ship the goods.\n    <\/div>\n\n    <div onclick=\"toggleExplain('rakutenPay')\" style=\"background-color: #f0f0f0; padding: 10px; cursor: pointer; margin-bottom: 5px;\">\n        Rakuten Pay\n    <\/div>\n    <div id=\"rakutenPay\" style=\"display: none; padding: 10px; border: 1px solid #ccc;\">\n        An app that makes smartphone payments easy. You can choose from various payment methods.\n    <\/div>\n\n    <p style=\"font-family: Arial; margin-top: 0; text-align: left;\">\n        <span style=\"font-weight: bold;\">※Overseas buyers should complete the checkout By PayPal or Credit Card.<\/span>\n    <\/p>\n<\/div>\n\n<!-- Section 3 -->\n<div id=\"section3\" class=\"section\">\n    <h1>Shipping<\/h1>\n    <p><strong>In-stock items will be shipped within 2-3 days.<\/strong><br><strong>While pre-order items will be shipped within 10-15 days.<\/strong><\/p>\n <p>※The shipping cost will include a base fee and a tiered fee based on the weight of the items you order. The shipping cost will increase as the weight increases. Please be aware of this.<\/p>    \n<p>※Depending on the destination country, delivery to the customer may take 8-15 days.<\/p>\n    <p><strong>※Countries available for shipping:<\/strong> United States \/ Germany \/ France \/ Hong Kong \/ South Korea \/ Canada \/ Italy \/ Malaysia \/ Australia \/ Portugal \/ Sweden \/ United Arab Emirates \/ Denmark \/ Switzerland \/ Singapore \/ Spain \/ Poland \/ Finland \/ Netherlands \/ Ireland \/ Austria \/ Belgium \/ Czech Republic \/ Norway \/ New Zealand \/ Romania \/ Slovakia \/ Luxembourg \/ Greece \/ Hungary \/ Slovenia \/ Croatia \/ Estonia \/ Lithuania \/ Latvia \/ Cyprus \/ Malta <\/p>\n    <p><strong>Other countries not mentioned may also be eligible for shipping. For details, please contact our customer service.<\/strong><\/p>\n    <p>In general, deliveries to European countries are handled by <strong>Deutsche Post<\/strong>, the United States by <strong>USPS<\/strong>, and the United Kingdom by <strong>Royal Mail<\/strong>. For other countries, the delivery method will be arranged separately. For more details, please inquire with our customer service, and we will respond as soon as possible.<\/p>\n<\/div>\n\n<!-- Section 4 -->\n<div id=\"section4\" class=\"section\">\n    <h1>Notification Feature<\/h1>\n    <p>When your order is completed, we will send an order confirmation email to the registered email address. If you do not receive an email, it may indicate that your order was not completed or that you have domain-specific email reception settings enabled.<\/p>\n<\/div>\n\n<!-- Section 5 -->\n<div id=\"section5\" class=\"section\">\n    <h1>Returns & Exchanges<\/h1>\n    <p>In principle, we do not accept returns or exchanges for any overseas orders unless there is a quality-related issue. If the product has a quality problem, you will need to provide a video showing the issue after opening the package and inspecting the item. Once we receive the relevant video evidence, we will process the return or exchange. Except for this situation, we regret to inform you that we do not accept any other reasons for returns or exchanges. We appreciate your understanding. Please note.<\/p>\n<\/div>\n\n<script>\n    function toggleExplain(id) {\n        var content = document.getElementById(id);\n        if (content.style.display === \"none\") {\n            content.style.display = \"block\";\n        } else {\n            content.style.display = \"none\";\n        }\n    }\n<\/script>\n\n<\/body>\n<\/html>"},"blocks":{}}}}