{"parent":"page.-2-2.json","context":{"market":"jp"},"sections":{"custom_liquid_khJYta":{"settings":{"custom_liquid":"<div style=\"font-family: Arial, sans-serif; line-height: 1.6; color: #333; padding: 20px; max-width: 800px; margin: auto; border: 1px solid #ddd; border-radius: 10px; background-color: #f9f9f9;\">\n  <h2 style=\"text-align: center; color: #8F7797; border-bottom: 2px solid #8F7797; padding-bottom: 10px;\">特定商取引法に基づく表記<\/h2>\n  \n  <h3 style=\"border-bottom: 2px solid #8F7797; padding-bottom: 5px; color: #8F7797;\">店舗情報<\/h3>\n  <p><strong>店舗名:<\/strong> NoGenki<\/p>\n  <p><strong>販売事業者名:<\/strong> 深セン市鑄極管理咨詢有限會社<\/p>\n  <p><strong>販売責任者名:<\/strong> 歐 貞奇<\/p>\n<p><strong>運営責任者名:<\/strong> 井部 好夫<\/p>\n  <p><strong>所在地:<\/strong> 中国広東省深セン市福田区セグ科技園4棟西館1209B号室\n<\/p>\n  <p><strong>電話番号:<\/strong> 03-6275-2101<\/p>\n  <p><strong>メールアドレス:<\/strong> <a href=\"mailto:nogenki@hotmail.com\" style=\"color: #007BFF;\">nogenki@hotmail.com<\/a><\/p>\n  <p><strong>ホームページURL:<\/strong> <a href=\"https:\/\/nogenki.com\" style=\"color: #007BFF;\">https:\/\/nogenki.com<\/a><\/p>\n<h3 style=\"border-bottom: 2px solid #8F7797; padding-bottom: 5px; color: #8F7797;\">【お問い合わせにつきまして】<\/h3>\n\n休業日：日曜日・祝日\n<\/p>\n<br>\n営業時間：9:00~18:00\n<\/p>\n<br>\n\n<h3 style=\"border-bottom: 2px solid #8F7797; padding-bottom: 5px; color: #8F7797;\">【発送期間】<\/h3>\n\n・在庫商品：ご注文後3~5日以内に発送\n<\/p>\n<br>\n・受注商品：ご注文後10〜15日以内に発送\n\n<\/p>\n<br>\n\n<h3 style=\"border-bottom: 2px solid #8F7797; padding-bottom: 5px; color: #8F7797;\">【送料について】<\/h3>\n\n・配送先につき、商品代合計5,000円以上ご注文いただいた場合、送料が無料になります。<br>\n・5000円未満ご注文いただいた場合、送料は600円になります\n\n<\/p>\n<br>\n<h3 style=\"border-bottom: 2px solid #8F7797; padding-bottom: 5px; color: #8F7797;\">【お支払い方法】<\/h3>\n\nPaypal\/クレジット決済（VISA、Master、JCB、アメリカンエクスプレス）\/Paypay\/Paidy\/銀行振込\/コンビニ\/ペイジー決済\/楽天ペイ\/スマホ決済\n\n<\/p>\n<br>\n\n<h3 style=\"border-bottom: 2px solid #8F7797; padding-bottom: 5px; color: #8F7797;\">【商品代金以外に必要な料金】<\/h3>\n\n・ご注文いただいた商品は、佐川急便・宅配便にて配送しております。\n\n<\/p>\n<br>\n・国内送料：600円(税込)<br>\n※沖縄・離島エリアのみ1,950円(税込)<br>\n・1配送先につき、商品代合計5,000円以上ご注文いただいた場合、送料が無料になります。<br>\n・5,000円未満ご注文いただいた場合、送料は600円になります。<br>\n※沖縄は送料が異なりますのでご了承ください。\n<\/p>\n<br>\n<h3 style=\"border-bottom: 2px solid #8F7797; padding-bottom: 5px; color: #8F7797;\">【発送について】<\/h3>\n\n・在庫商品は注文後2日〜3日以内<br>\n・予約商品は注文後15日〜23日以内<br>\n● 生産状況、入荷状況などにより､お届け指定をお受けできない場合がございます｡<br>\n● 他の商品と同時にご注文いただきました場合は､予約販売商品の入荷後同梱で発送となりますので､予めご了承の上､お買い求めいただけますようお願い申し上げます｡<br>\n　先に発送をご希望の場合は､ あらかじめ、お買い物かごを別けてご注文頂きますよう、よろしくお願いします。<br>\n\n<\/p>\n<br>\n\n<h3 style=\"border-bottom: 2px solid #8F7797; padding-bottom: 5px; color: #8F7797;\">【返品・交換】<\/h3>\n・お申し込みのキャンセル・商品の返品交換は、原則としてできません。<br>\n・購入された商品を受け取られないなどの理由によりやむを得ずキャンセルとなった場合でも、商品単価以外のデザイン加工費用（スタンプ代、カラー代、デザイン代、送料を含みます）等のご返金はお受けできません。<br>\n・不良品を受け取られた場合は、当社までご連絡ください。アフターサービス（返品・交換）を対応させていただきます。その際、返品先は以下の住所へお送りください。<br>\n<br>\n返送先：東京都中央区入船３丁目2-9-404<br>\n宛先：NoGenki<br>\n※返品の際は、必ず事前にメールでご連絡ください。<br>\n無断返品（連絡なし・返品許可未取得の荷物）の場合、受取りを拒否させていただきますので、ご了承ください。\n\n\n<\/p>\n<br>\n\n<\/div>"},"blocks":{}}}}