{
  "article": [],
  "blog": [],
  "collection": [],
  "company": [],
  "company_location": [],
  "location": [],
  "market": [],
  "order": [],
  "page": [],
  "product": [
    {
      "key": "custom_product",
      "namespace": "mm-google-shopping",
      "name": "Google: Custom Product",
      "description": "Use to indicate whether or not the unique product identifiers (UPIs) GTIN, MPN, and brand are available for your product.",
      "type": {
        "name": "boolean",
        "category": "TRUE_FALSE"
      }
    },
    {
      "key": "size",
      "namespace": "shopify",
      "name": "尺寸",
      "description": "用于指定产品的尺寸，例如 0-3 个月或特大号 (XL)",
      "type": {
        "name": "list.metaobject_reference",
        "category": "REFERENCE"
      }
    },
    {
      "key": "color-pattern",
      "namespace": "shopify",
      "name": "颜色",
      "description": "定义主要颜色或图案，例如蓝色或带条纹",
      "type": {
        "name": "list.metaobject_reference",
        "category": "REFERENCE"
      }
    },
    {
      "key": "target-gender",
      "namespace": "shopify",
      "name": "目标性别",
      "description": "标识产品的适用性别，例如女性、男性或男女通用",
      "type": {
        "name": "list.metaobject_reference",
        "category": "REFERENCE"
      }
    },
    {
      "key": "fabric",
      "namespace": "shopify",
      "name": "织物",
      "description": "标识产品所用面料的类型，例如棉布或牛仔布",
      "type": {
        "name": "list.metaobject_reference",
        "category": "REFERENCE"
      }
    },
    {
      "key": "age-group",
      "namespace": "shopify",
      "name": "年龄段",
      "description": "定义产品的目标年龄范围，例如成人或儿童",
      "type": {
        "name": "list.metaobject_reference",
        "category": "REFERENCE"
      }
    },
    {
      "key": "sleeve-length-type",
      "namespace": "shopify",
      "name": "袖长类型",
      "description": "指定服装袖子的样式，例如短袖或无袖",
      "type": {
        "name": "list.metaobject_reference",
        "category": "REFERENCE"
      }
    },
    {
      "key": "skirt-dress-length-type",
      "namespace": "shopify",
      "name": "裙子/连衣裙长度类型",
      "description": "定义裙子或连衣裙的长度，例如迷你裙或长裙",
      "type": {
        "name": "list.metaobject_reference",
        "category": "REFERENCE"
      }
    },
    {
      "key": "dress-style",
      "namespace": "shopify",
      "name": "裙子风格",
      "description": "标识裙子的设计，例如裹身裙或帝国高腰裙",
      "type": {
        "name": "list.metaobject_reference",
        "category": "REFERENCE"
      }
    },
    {
      "key": "dress-occasion",
      "namespace": "shopify",
      "name": "穿着场合",
      "description": "指定裙子适用的场合，例如假日、日常",
      "type": {
        "name": "list.metaobject_reference",
        "category": "REFERENCE"
      }
    },
    {
      "key": "neckline",
      "namespace": "shopify",
      "name": "领口",
      "description": "用于描述服装的领口形状，例如 V 领或船型领",
      "type": {
        "name": "list.metaobject_reference",
        "category": "REFERENCE"
      }
    },
    {
      "key": "rating",
      "namespace": "reviews",
      "name": "产品评分",
      "description": "客户的平均评分",
      "type": {
        "name": "rating",
        "category": "RATING"
      }
    },
    {
      "key": "rating_count",
      "namespace": "reviews",
      "name": "产品评分数量",
      "description": "客户评分总数",
      "type": {
        "name": "number_integer",
        "category": "NUMBER"
      }
    },
    {
      "key": "top-length-type",
      "namespace": "shopify",
      "name": "顶部长度类型",
      "description": "定义上衣或衬衫的长度，例如短款上衣或长款",
      "type": {
        "name": "list.metaobject_reference",
        "category": "REFERENCE"
      }
    },
    {
      "key": "skirt-style",
      "namespace": "shopify",
      "name": "半身裙款式",
      "description": "描述裙子的设计或款式，例如铅笔裙或百褶裙",
      "type": {
        "name": "list.metaobject_reference",
        "category": "REFERENCE"
      }
    },
    {
      "key": "pre_order",
      "namespace": "custom",
      "name": "pre_order",
      "description": "是否开售",
      "type": {
        "name": "boolean",
        "category": "TRUE_FALSE"
      }
    }
  ],
  "variant": [
    {
      "key": "custom_label_4",
      "namespace": "mm-google-shopping",
      "name": "Google: Custom Label 4",
      "description": "Label that you assign to a product to help organize bidding and reporting in Shopping campaigns.",
      "type": {
        "name": "single_line_text_field",
        "category": "TEXT"
      }
    },
    {
      "key": "custom_label_3",
      "namespace": "mm-google-shopping",
      "name": "Google: Custom Label 3",
      "description": "Label that you assign to a product to help organize bidding and reporting in Shopping campaigns.",
      "type": {
        "name": "single_line_text_field",
        "category": "TEXT"
      }
    },
    {
      "key": "custom_label_2",
      "namespace": "mm-google-shopping",
      "name": "Google: Custom Label 2",
      "description": "Label that you assign to a product to help organize bidding and reporting in Shopping campaigns.",
      "type": {
        "name": "single_line_text_field",
        "category": "TEXT"
      }
    },
    {
      "key": "custom_label_1",
      "namespace": "mm-google-shopping",
      "name": "Google: Custom Label 1",
      "description": "Label that you assign to a product to help organize bidding and reporting in Shopping campaigns.",
      "type": {
        "name": "single_line_text_field",
        "category": "TEXT"
      }
    },
    {
      "key": "custom_label_0",
      "namespace": "mm-google-shopping",
      "name": "Google: Custom Label 0",
      "description": "Label that you assign to a product to help organize bidding and reporting in Shopping campaigns.",
      "type": {
        "name": "single_line_text_field",
        "category": "TEXT"
      }
    },
    {
      "key": "size_system",
      "namespace": "mm-google-shopping",
      "name": "Google: Size System",
      "description": "The country of the size system used by your product.",
      "type": {
        "name": "single_line_text_field",
        "category": "TEXT"
      }
    },
    {
      "key": "size_type",
      "namespace": "mm-google-shopping",
      "name": "Google: Size Type",
      "description": "Your apparel product’s cut.",
      "type": {
        "name": "single_line_text_field",
        "category": "TEXT"
      }
    },
    {
      "key": "mpn",
      "namespace": "mm-google-shopping",
      "name": "Google: MPN",
      "description": "Your product’s Manufacturer Part Number (MPN).",
      "type": {
        "name": "single_line_text_field",
        "category": "TEXT"
      }
    },
    {
      "key": "gender",
      "namespace": "mm-google-shopping",
      "name": "Google: Gender",
      "description": "The gender for which your product is intended.",
      "type": {
        "name": "single_line_text_field",
        "category": "TEXT"
      }
    },
    {
      "key": "condition",
      "namespace": "mm-google-shopping",
      "name": "Google: Condition",
      "description": "The condition of your product at time of sale.",
      "type": {
        "name": "single_line_text_field",
        "category": "TEXT"
      }
    },
    {
      "key": "age_group",
      "namespace": "mm-google-shopping",
      "name": "Google: Age Group",
      "description": "The demographic for which your product is intended.",
      "type": {
        "name": "single_line_text_field",
        "category": "TEXT"
      }
    }
  ],
  "shop": []
}