{"name":"t:sections.header.name","type":"header","sections":{"announcement-bar":{"type":"announcement-bar","blocks":{"announcement-bar-0":{"type":"announcement","settings":{"text":"会員登録ですぐ300ポイント！","link":""}},"announcement_7Ugpad":{"type":"announcement","settings":{"text":"￥5,000以上お買い上げで送料無料！","link":""}},"announcement_ND4Jpx":{"type":"announcement","settings":{"text":"オープンキャンペン中！","link":""}}},"block_order":["announcement-bar-0","announcement_7Ugpad","announcement_ND4Jpx"],"settings":{"color_scheme":"scheme-28957b8d-d6dd-4267-a6b6-e5cd5c83768e","show_line_separator":true,"show_social":false,"auto_rotate":true,"change_slides_speed":4,"enable_country_selector":false,"enable_language_selector":false}},"header":{"type":"header","settings":{"logo_position":"middle-left","menu":"main-menu","menu_type_desktop":"mega","sticky_header_type":"reduce-logo-size","show_line_separator":true,"color_scheme":"scheme-28957b8d-d6dd-4267-a6b6-e5cd5c83768e","menu_color_scheme":"scheme-28957b8d-d6dd-4267-a6b6-e5cd5c83768e","enable_country_selector":false,"enable_language_selector":false,"enable_customer_avatar":true,"mobile_logo_position":"center","margin_bottom":0,"padding_top":0,"padding_bottom":0}}},"order":["announcement-bar","header"]}