{"name":"t:sections.footer.name","type":"footer","sections":{"footer":{"type":"footer","blocks":{"link_list_cxyYGq":{"type":"link_list","settings":{"heading":"Company & Shopping guide","menu":"footer"}}},"block_order":["link_list_cxyYGq"],"settings":{"color_scheme":"scheme-2","newsletter_enable":false,"newsletter_heading":"会員登録","enable_follow_on_shop":true,"show_social":true,"enable_country_selector":false,"enable_language_selector":true,"payment_enable":false,"show_policy":true,"margin_top":0,"padding_top":36,"padding_bottom":36}}},"order":["footer"]}