{"sections":{"banner":{"type":"main-collection-banner","disabled":true,"settings":{"show_collection_description":true,"show_collection_image":false,"color_scheme":"scheme-2"}},"rich_text_WghzN7":{"type":"rich-text","blocks":{"text_Lqjgx8":{"type":"text","settings":{"text":"<p>All ITEMS<\/p>"}}},"block_order":["text_Lqjgx8"],"settings":{"desktop_content_position":"left","content_alignment":"left","color_scheme":"","full_width":true,"padding_top":16,"padding_bottom":16}},"product-grid":{"type":"main-collection-product-grid","settings":{"products_per_page":20,"columns_desktop":5,"color_scheme":"scheme-2","image_ratio":"adapt","image_shape":"default","show_secondary_image":false,"show_vendor":false,"show_rating":false,"quick_add":"bulk","enable_filtering":false,"filter_type":"horizontal","enable_sorting":true,"columns_mobile":"2","padding_top":36,"padding_bottom":36}}},"order":["banner","rich_text_WghzN7","product-grid"]}