{"parent":"collection.ranking.json","context":{"market":"jp"},"sections":{"rich_text_WghzN7":{"disabled":false,"settings":{},"blocks":{"text_Lqjgx8":{"settings":{"text":"<h2>Ranking<\/h2>"}}}},"product-grid":{"disabled":true,"settings":{"products_per_page":36,"enable_filtering":false,"color_scheme":"scheme-28957b8d-d6dd-4267-a6b6-e5cd5c83768e"},"blocks":{}},"featured_collection_QrWHM":{"type":"featured-collection","disabled":false,"settings":{"title":"","heading_size":"h1","description":"","show_description":false,"description_style":"body","collection":"ranking","products_to_show":25,"columns_desktop":4,"full_width":false,"show_view_all":true,"view_all_style":"solid","enable_desktop_slider":false,"color_scheme":"","header-a338e0a1bf4b9e22080f9e03a9da7b10":null,"image_ratio":"adapt","image_shape":"default","show_secondary_image":false,"show_vendor":false,"show_rating":false,"quick_add":"none","header-ea95cc55174f53eeff9b7ed12349b887":null,"columns_mobile":"2","swipe_on_mobile":false,"header-6fead8d87f8f14a6d03f9385cd084464":null,"padding_top":36,"padding_bottom":36},"blocks":{},"block_order":[],"name":"t:sections.featured-collection.presets.name"}},"order":["banner","rich_text_WghzN7","product-grid","featured_collection_QrWHM"]}