{"sections":{"slideshow_bVUMbc":{"type":"slideshow","blocks":{"slide_cyDURA":{"type":"slide","settings":{"image":"shopify:\/\/shop_images\/c76cb2cd8fe22b6438d907fd3b376a49_7bf3361a-3dcb-459a-aea6-82b936e4d7f5.jpg","heading":"","heading_size":"h1","subheading":"","button_label":"","link":"","button_style_secondary":false,"box_align":"middle-center","show_text_box":true,"text_alignment":"center","image_overlay_opacity":0,"color_scheme":"","text_alignment_mobile":"center"}},"slide_gg6wi6":{"type":"slide","settings":{"image":"shopify:\/\/shop_images\/c76cb2cd8fe22b6438d907fd3b376a49_7bf3361a-3dcb-459a-aea6-82b936e4d7f5.jpg","heading":"","heading_size":"h1","subheading":"","button_label":"","link":"","button_style_secondary":false,"box_align":"middle-center","show_text_box":true,"text_alignment":"center","image_overlay_opacity":0,"color_scheme":"","text_alignment_mobile":"center"}}},"block_order":["slide_cyDURA","slide_gg6wi6"],"custom_css":[".slideshow__text-wrapper {position: reverse;}",".slider-button--prev {position: absolute; left: 4vw; top: 50%; transform: translateY(-50%);}",".slider-button--next {position: absolute; right: 4vw; top: 50%; transform: translateY(-50%);}",".slideshow__text.banner__box {background: none;}",".slider-buttons {transform: translate(0px, -100%); border: none;}"],"settings":{"layout":"full_bleed","slide_height":"adapt_image","slider_visual":"dots","auto_rotate":false,"change_slides_speed":5,"image_behavior":"none","show_text_below":false,"accessibility_info":""}},"172175305816df98a9":{"type":"apps","settings":{"include_margins":true}},"image_banner":{"type":"image-banner","disabled":true,"settings":{"image":"shopify:\/\/shop_images\/c76cb2cd8fe22b6438d907fd3b376a49.jpg","image_overlay_opacity":0,"image_height":"adapt","desktop_content_position":"middle-left","show_text_box":false,"desktop_content_alignment":"left","color_scheme":"scheme-2","image_behavior":"none","mobile_content_alignment":"center","stack_images_on_mobile":true,"show_text_below":false}},"image_with_text_Hr9Q4n":{"type":"image-with-text","blocks":{"text_qTRWAh":{"type":"text","settings":{"text":"<h4><a href=\"\/products\/新品-地雷系\" title=\"「幻夜」ミニワンピ ３点セット 2色 4サイズ | 番号：NG2406\">NG2406 新色 9月1日より予約開始！<\/a><\/h4>","text_style":"body"}}},"block_order":["text_qTRWAh"],"disabled":true,"settings":{"image":"shopify:\/\/shop_images\/1.jpg","height":"adapt","desktop_image_width":"medium","layout":"image_first","desktop_content_position":"top","desktop_content_alignment":"left","content_layout":"no-overlap","section_color_scheme":"scheme-2","color_scheme":"scheme-2","image_behavior":"none","mobile_content_alignment":"left","padding_top":36,"padding_bottom":36}},"featured_collection_iiBxTX":{"type":"featured-collection","custom_css":[".card .card__inner .card__media {width: 100%;}",".card--standard .card__media {margin: 4px;}",".card--card:after,.card--standard .card__inner:after {background: #f4f4f4;}"],"settings":{"title":"オープンキャンペン","heading_size":"h2","description":"","show_description":false,"description_style":"body","collection":"tops","products_to_show":4,"columns_desktop":4,"full_width":false,"show_view_all":true,"view_all_style":"solid","enable_desktop_slider":false,"color_scheme":"scheme-2","image_ratio":"portrait","image_shape":"default","show_secondary_image":false,"show_vendor":false,"show_rating":false,"quick_add":"none","columns_mobile":"2","swipe_on_mobile":false,"padding_top":36,"padding_bottom":36}},"featured_collection_whFRMG":{"type":"featured-collection","custom_css":[".card .card__inner .card__media {width: 100%;}",".card--standard .card__media {margin: 4px;}",".card--card:after,.card--standard .card__inner:after {background: #f4f4f4;}"],"settings":{"title":"ワンピースセット","heading_size":"h2","description":"","show_description":false,"description_style":"body","collection":"ワンピース","products_to_show":4,"columns_desktop":4,"full_width":false,"show_view_all":true,"view_all_style":"solid","enable_desktop_slider":false,"color_scheme":"scheme-2","image_ratio":"portrait","image_shape":"default","show_secondary_image":false,"show_vendor":false,"show_rating":false,"quick_add":"none","columns_mobile":"2","swipe_on_mobile":false,"padding_top":36,"padding_bottom":36}},"featured_collection_Lqyhdh":{"type":"featured-collection","custom_css":[".card .card__inner .card__media {width: 100%;}",".card--standard .card__media {margin: 4px;}",".card--card:after,.card--standard .card__inner:after {background: #f4f4f4;}"],"settings":{"title":"グッズ","heading_size":"h2","description":"","show_description":false,"description_style":"body","collection":"goods","products_to_show":4,"columns_desktop":4,"full_width":false,"show_view_all":true,"view_all_style":"solid","enable_desktop_slider":false,"color_scheme":"scheme-2","image_ratio":"adapt","image_shape":"default","show_secondary_image":false,"show_vendor":false,"show_rating":false,"quick_add":"none","columns_mobile":"2","swipe_on_mobile":false,"padding_top":36,"padding_bottom":36}},"rich_text_ye7rHj":{"type":"rich-text","blocks":{"text_V6VNdW":{"type":"text","settings":{"text":"<h5>もし何かお気づきの点やご要望などございましたら、お気軽にお知らせいただければ幸いです。\u2028<\/h5><h5>スタッフ一同、より良いサービスをご提供できるよう努力致します。<\/h5><h5>また、新しいアイテムも続々と登場予定ですので、ぜひご期待くださいませ。\u2028今後ともNoGenkiをどうぞよろしくお願い申し上げます。<\/h5>"}}},"block_order":["text_V6VNdW"],"settings":{"desktop_content_position":"center","content_alignment":"center","color_scheme":"scheme-2","full_width":true,"padding_top":40,"padding_bottom":52}}},"order":["slideshow_bVUMbc","172175305816df98a9","image_banner","image_with_text_Hr9Q4n","featured_collection_iiBxTX","featured_collection_whFRMG","featured_collection_Lqyhdh","rich_text_ye7rHj"]}