{"parent":"page.contact.json","context":{"market":"jp"},"sections":{"custom_liquid_pJFqL6":{"settings":{"custom_liquid":"<div style=\"font-family: Arial, sans-serif; font-size: 12px; line-height: 1.6; color: #333; padding-left: 10px; padding-right: 10px;\">\n  <h2 style=\"color: #2c3e50; font-size: 18px;\">{{ \"営業時間について\" }}<\/h2>\n  <p>{{ \"インターネットでのご注文は24時間受け付けております。\" }}<\/p>\n  <p style=\"color: #e74c3c;\">\n    ※<span style=\"color: #2c3e50;\">{{ \"(営業時間9~18時)\" }}<\/span>\n    {{ \"18時以降・休業日（土日祝日）のメールにつきましては、\" }}<br>\n    {{ \"・翌営業日に返信させていただきますのでご了承ください。\" }}<br>\n    ・{{ \"深夜に返信させていただき可能性がありますので、是非お許しください。\" }}\n  <\/p>\n<\/div>"},"blocks":{}}}}