{"sections":{"main":{"type":"main-page","disabled":true,"settings":{"padding_top":28,"padding_bottom":28}},"custom_liquid_khJYta":{"type":"custom-liquid","settings":{"custom_liquid":"<div style=\"font-family: Arial, sans-serif; font-size: 12px; line-height: 1.6; color: #333; padding: 10px;\">\n  <div style=\"border: 2px solid #333; padding: 10px; margin-bottom: 20px;\">\n    <h2 style=\"margin: 0;\">個人情報取り扱いについて<\/h2>\n  <\/div>\n\n  <h3 style=\"border-bottom: 1px solid #ddd; padding-bottom: 5px;\"><\/h3>\n \n\n  <h3 style=\"border-bottom: 1px solid #ddd; padding-bottom: 5px;\">個人情報にかかる保護方針<\/h3>\n  <p>新嵐文化株式会社(以下「弊社」といいます。)はサイトをご利用いただくお客様をはじめとする弊社に個人情報を提供されるすべての方々(以下本人といいます。)の個人情報を保護する事が、重要な責務であると認識し、その取り扱い方針を以下の通り定め、個人情報の保護に努めます。<\/p>\n\n  <h4 style=\"border-bottom: 1px solid #ddd; padding-bottom: 5px;\">1. 個人情報とは<\/h4>\n  <p>本プライバシーポリシーにおいて個人情報とは、弊社発行物およびホームページを通じてご提供いただく氏名、住所、性別、生年月日、電話番号、メールアドレス、ユーザーID、パスワード、興味、関心事などの個人を特定できる情報を意味します。<\/p>\n\n  <h4 style=\"border-bottom: 1px solid #ddd; padding-bottom: 5px;\">2. 個人情報の利用<\/h4>\n  <h5>2-1 会員、ユーザーの管理<\/h5>\n  <ul>\n    <li>キャンペーン、アンケートの実施<\/li>\n    <li>当社商品等の広告、宣伝、販売の勧誘<\/li>\n    <li>メールマガジンの送信<\/li>\n    <li>本ウェブサイトの必要事項の通知<\/li>\n    <li>課金計算、料金請求<\/li>\n    <li>会員、ユーザーが投稿した情報の掲載<\/li>\n  <\/ul>\n\n  <h5>2-2 開発<\/h5>\n  <ul>\n    <li>各種問合せ、アフターサービス対応<\/li>\n    <li>会員、ユーザーが投稿した情報の掲載<\/li>\n    <li>サービス向上の為の統計資料作成<\/li>\n    <li>契約や法律等に基づく権利の行使や義務の履行<\/li>\n  <\/ul>\n\n  <h4 style=\"border-bottom: 1px solid #ddd; padding-bottom: 5px;\">3. 個人情報の管理<\/h4>\n  <p>ご提供いただきました個人情報を厳重に管理し、不正アクセス、紛失、破壊、改ざん、及び漏洩等の防止の為に、法令、ガイドライン及び、弊社の内部規則に従い、適切な安全管理策を施し、保有する個人情報の保護に努めます。また、従業員に対しても個人情報の適切な取り扱い等についての教育を実施し、個人情報の保護に万全を期するよう努めます。<\/p>\n\n  <h4 style=\"border-bottom: 1px solid #ddd; padding-bottom: 5px;\">4. 個人情報の開示・訂正・削除<\/h4>\n  <p>ご提供いただきました個人情報の内容に関し、開示・訂正・削除等を希望される場合は、メールアドレス、生年月日などいくつかの項目をお尋ねした後、ご本人である事が確認された場合にのみ開示・訂正・削除を行います。弊社はご本人の事前の了承なく第3者に開示・訂正・削除することはございません。<\/p>\n\n  <h4 style=\"border-bottom: 1px solid #ddd; padding-bottom: 5px;\">5. 個人情報の提供<\/h4>\n  <p>ご提供いただきました個人情報は以下の場合には開示する事がございます。<\/p>\n  <ul>\n    <li>本人の同意がある場合<\/li>\n    <li>法令により提供を求められた場合<\/li>\n  <\/ul>\n\n  <p><br><\/p>\n\n  <h4 style=\"border-bottom: 1px solid #ddd; padding-bottom: 5px;\">個人情報保護方針に関するお問い合せ先<\/h4>\n  <p>当社は、本個人情報の取扱いについての内容を、当社の営業上の必要性、新法令の施行、既存法令の改正その他の事情により、事前の予告なく変更することがあります。変更した場合は、本ウェブサイトに掲示し、お知らせします。ご利用の際には本ページの最新の内容をご確認ください。<\/p>\n  <p>個人情報、保有個人データ等の取扱いに関するご要望・ご質問等は、お問い合わせフォームでお問い合せください。<\/p>\n <p><strong>制定日:<\/strong> 2024\/07\/02<\/p>\n  <p><strong>会社名:<\/strong> 新嵐文化株式会社<\/p>\n\n<\/p>\n<\/div>","color_scheme":"","padding_top":40,"padding_bottom":52}}},"order":["main","custom_liquid_khJYta"]}