{"sections":{"main":{"type":"main-page","disabled":true,"settings":{"padding_top":28,"padding_bottom":28}},"custom_liquid_khJYta":{"type":"custom-liquid","settings":{"custom_liquid":"<div style=\"font-family: Arial, sans-serif; line-height: 1.6; color: #333; padding: 20px; max-width: 800px; margin: auto; border: 1px solid #ddd; border-radius: 10px; background-color: #f9f9f9;\">\n  <h2 style=\"text-align: center; color: #8F7797; border-bottom: 2px solid #8F7797; padding-bottom: 10px;\">特定商取引法に基づく表示<\/h2>\n  \n  <h3 style=\"border-bottom: 2px solid #8F7797; padding-bottom: 5px; color: #8F7797;\">店舗情報<\/h3>\n  <p><strong>店舗名:<\/strong> NoGenki<\/p>\n  <p><strong>販売事業者名:<\/strong> 株式会社ＲＵＺＯ<\/p>\n  <p><strong>販売責任者名:<\/strong> 井部 好夫<\/p>\n  <p><strong>所在地:<\/strong>東京都中央区入船３丁目２－９－ ４０４\n<\/p>\n  <p><strong>電話番号:<\/strong> 03-6275-2101<\/p>\n  <p><strong>メールアドレス:<\/strong> <a href=\"mailto:nogenki@hotmail.com\" style=\"color: #007BFF;\">nogenki@hotmail.com<\/a><\/p>\n  <p><strong>ホームページURL:<\/strong> <a href=\"https:\/\/nogenki.com\" style=\"color: #007BFF;\">https:\/\/nogenki.com<\/a><\/p>\n<h3 style=\"border-bottom: 2px solid #8F7797; padding-bottom: 5px; color: #8F7797;\">【発送期間】<\/h3>\n\n・在庫商品：ご注文後3~5日以内に発送\n<\/p>\n<br>\n・受注商品：ご注文後10〜15日以内に発送\n\n<\/p>\n<br>\n\n<h3 style=\"border-bottom: 2px solid #8F7797; padding-bottom: 5px; color: #8F7797;\">【送料について】<\/h3>\n\n・配送先につき、商品代合計5,000円以上ご注文いただいた場合、送料が無料になります。<br>\n・5000円未満ご注文いただいた場合、送料は600円になります\n\n<\/p>\n<br>\n\n<\/div>","color_scheme":"","padding_top":40,"padding_bottom":52}}},"order":["main","custom_liquid_khJYta"]}