{"sections":{"main":{"type":"main-page","disabled":true,"settings":{"padding_top":0,"padding_bottom":0}},"image_banner_rjEgGY":{"type":"image-banner","settings":{"image":"shopify:\/\/shop_images\/banner.jpg","image_overlay_opacity":0,"image_height":"adapt","desktop_content_position":"middle-center","show_text_box":true,"desktop_content_alignment":"center","color_scheme":"","image_behavior":"none","mobile_content_alignment":"center","stack_images_on_mobile":true,"show_text_below":true}},"custom_liquid_nzwwp7":{"type":"custom-liquid","settings":{"custom_liquid":"<!DOCTYPE html>\n<html lang=\"ja\">\n<head>\n    <meta charset=\"UTF-8\">\n    <meta name=\"viewport\" content=\"width=device-width, initial-scale=1.0\">\n    <title>会社概要<\/title>\n    <style>\n        body {\n            font-family: Arial, sans-serif; \/* 设置字体为Arial *\/\n            text-align: center;\n            background-color: black; \/* 背景色设置为黑色 *\/\n            color: black; \/* 文本颜色设置为黑色 *\/\n            padding: 20px;\n            margin: 0;\n        }\n        .content {\n            display: inline-block;\n            text-align: left;\n            margin-top: 50px;\n            color: black; \/* 确保内容部分的文字也是黑色 *\/\n        }\n        .heading {\n            font-size: 36px; \/* 放大“会社概要”字体 *\/\n            font-weight: bold; \/* 加粗“会社概要” *\/\n            margin-bottom: -40px; \/* 在标题和内容之间加点间距 *\/\n        }\n        .content p {\n            margin: 10px 0;\n        }\n        a {\n            color: #333; \/* 链接颜色设置为深灰色 *\/\n            text-decoration: none; \/* 去掉链接下划线 *\/\n        }\n        a:hover {\n            text-decoration: underline; \/* 鼠标悬停时显示下划线 *\/\n        }\n    <\/style>\n<\/head>\n<body>\n    <div class=\"heading\">会社概要<\/div>\n    <div class=\"content\">\n        <p><strong>会社名:<\/strong> 株式会社RUZO<\/p>\n        <p><strong>法人番号:<\/strong> 4010001237784<\/p>\n        <p><strong>販売責任者名:<\/strong> 井部 好夫<\/p>\n        <p><strong>所在地:<\/strong> 東京都中央区入船３丁目2-9-404<\/p>\n        <p><strong>電話番号:<\/strong> 03-6275-2101<\/p>\n        <p><strong>メールアドレス:<\/strong> <a href=\"mailto:nogenki@hotmail.com\">nogenki@hotmail.com<\/a><\/p>\n        <p><strong>ホームページURL:<\/strong> <a href=\"https:\/\/nogenki.com\" target=\"_blank\">https:\/\/nogenki.com<\/a><\/p>\n<p>※お電話でのお問い合わせは行っておりません。<\/p>\n    <\/div>\n<\/body>\n<\/html>","color_scheme":"scheme-2","padding_top":40,"padding_bottom":52}},"rich_text_QL7deK":{"type":"rich-text","blocks":{"text_8M9bJp":{"type":"text","settings":{"text":"<p>WHAT'S NOGENKI<\/p>"}}},"block_order":["text_8M9bJp"],"settings":{"desktop_content_position":"left","content_alignment":"left","color_scheme":"scheme-2","full_width":true,"padding_top":16,"padding_bottom":16}},"custom_liquid_c3T7G8":{"type":"custom-liquid","settings":{"custom_liquid":"<div style=\"font-family: Arial, sans-serif; font-size: 12px; line-height: 1.6; color: #333; padding-left: 20px; padding-right: 20px; text-align: center;\">\n<p>{{ '日々の生活にちょっぴり特別な魔法を❤️' | escape }}<\/p>\n  <br>\n  <p>{{ '日々の生活にちょっぴり特別な魔法を❤️' | escape }}<\/p>\n  <br>\n  <p>{{ '私たちの服で、毎日をもっと楽しく、もっと自分らしく過ごしましょう✨' | escape }}<\/p>\n  <br>\n  <p>{{ 'NoGenkiは、ゴシックのエッセンスを取り入れたユニークなスタイルを提案します♫' | escape }}<\/p>\n  <br>\n  <p>{{ '全てのデザインは一人のデザイナーが手掛けており、細部まで統一された美しさが特徴♡' | escape }}<\/p>\n  <br>\n  <p>{{ '日常に小さなときめきを添える特別な一着を見つけてみませんか💜' | escape }}<\/p>\n<\/div>","color_scheme":"scheme-2","padding_top":40,"padding_bottom":52}}},"order":["main","image_banner_rjEgGY","custom_liquid_nzwwp7","rich_text_QL7deK","custom_liquid_c3T7G8"]}