{"sections":{"main":{"type":"main-page","disabled":true,"settings":{"padding_top":28,"padding_bottom":28}},"custom_liquid_3Lhgxf":{"type":"custom-liquid","settings":{"custom_liquid":"<div style=\"font-family: Arial, sans-serif; font-size: 12px; line-height: 1.6; color: #333; padding: 20px; background-color: #f9f9f9; border-radius: 10px;\">\n  <h2 style=\"text-align: center; color: #2c3e50;\">返品特約について<\/h2>\n  \n  <h3 style=\"border-bottom: 2px solid #2c3e50; padding-bottom: 5px; color: #2980b9;\">1. 返品・交換のお手続きについて<\/h3>\n  <p>返品条件を満たす商品の返品・交換は、商品到着後、お手元に届きました日を含む7営業日以内に限り承ります。<\/p>\n  <p>お客様のご都合による返品・交換（イメージ違い、サイズが合わないなど）はお受けいたしかねますので、ご了承ください。<\/p>\n  <p>返品・交換をご希望の場合は、事前に必ずカスタマーセンターにお問い合わせください。弊社カスタマーサポートが返品方法をご案内いたします。<\/p>\n  <p>※海外への返品・交換は承ることができません。<br><span style=\"color: #e74c3c;\">We cannot return or exchange products shipped overseas (such as orders through overseas transfer companies) for any reason. Please note.<\/span><\/p>\n\n  <h3 style=\"border-bottom: 2px solid #2c3e50; padding-bottom: 5px; color: #2980b9;\">2. 返品・交換時の送料について<\/h3>\n  <p>以下の場合には弊社負担とさせていただきますが、それ以外の場合はお客様のご負担となります。<\/p>\n  <ul style=\"list-style-type: disc; margin-left: 20px;\">\n    <li>ご注文商品と異なる商品が届いた場合<\/li>\n    <li>商品に欠陥があった場合<\/li>\n    <li>発送中の破損など<\/li>\n  <\/ul>\n  <p>以下の場合には返品・交換をお受けできません。<\/p>\n  <ul style=\"list-style-type: disc; margin-left: 20px;\">\n    <li>ご注文後のお客様のご都合によるキャンセル、返品、交換<\/li>\n    <li>商品タグやパッケージが外された商品<\/li>\n    <li>使用済み、洗濯済み、汚れや匂いのある商品<\/li>\n    <li>お客様が汚損、破損された商品<\/li>\n  <\/ul>\n\n  <h3 style=\"border-bottom: 2px solid #2c3e50; padding-bottom: 5px; color: #2980b9;\">3. 返品・交換をお受けできない場合について<\/h3>\n  <p>ご注文後のお客様のご都合によるキャンセル、返品、交換<\/p>\n  <p>商品のタグやパッケージが外された商品<\/p>\n  <p>使用済み、洗濯済み、汚れや匂いのある商品<\/p>\n  <p>お客様が汚損、破損された商品<\/p>\n\n  <h3 style=\"border-bottom: 2px solid #2c3e50; padding-bottom: 5px; color: #2980b9;\">4. 返品・交換のご連絡方法<\/h3>\n  <p>返品・交換をご希望の場合は、必ず事前にお問い合わせフォームでご連絡ください。<\/p>\n  <p>返品方法をご案内いたします。<\/p>\n\n  <h3 style=\"border-bottom: 2px solid #2c3e50; padding-bottom: 5px; color: #2980b9;\">5. 禁止事項について<\/h3>\n  <p>ご返品いただいた商品の再販売ができない状態ですと返品をお受けできない場合がございます。<\/p>\n  <p>商品タグやパッケージが外されている場合、使用済み、洗濯済み、汚れや匂いのある商品は返品をお受けできませんのでご注意ください。<\/p>\n<\/div>","color_scheme":"","padding_top":40,"padding_bottom":52}}},"order":["main","custom_liquid_3Lhgxf"]}