{"sections":{"main":{"type":"main-page","disabled":true,"settings":{"padding_top":0,"padding_bottom":0}},"image_banner_rjEgGY":{"type":"image-banner","settings":{"image":"shopify:\/\/shop_images\/banner.jpg","image_overlay_opacity":0,"image_height":"adapt","desktop_content_position":"middle-center","show_text_box":true,"desktop_content_alignment":"center","color_scheme":"","image_behavior":"none","mobile_content_alignment":"center","stack_images_on_mobile":true,"show_text_below":true}},"rich_text_QL7deK":{"type":"rich-text","blocks":{"text_8M9bJp":{"type":"text","settings":{"text":"<p>WHAT'S NOGENKI<\/p>"}}},"block_order":["text_8M9bJp"],"settings":{"desktop_content_position":"left","content_alignment":"left","color_scheme":"scheme-2","full_width":true,"padding_top":16,"padding_bottom":16}},"custom_liquid_c3T7G8":{"type":"custom-liquid","settings":{"custom_liquid":"<div style=\"font-family: Arial, sans-serif; font-size: 12px; line-height: 1.6; color: #333; padding-left: 20px; padding-right: 20px; text-align: center;\">\n  <p>{{ '日々の生活にちょっぴり特別な魔法を❤️' | escape }}<\/p>\n  <br>\n  <p>{{ '私たちの服で、毎日をもっと楽しく、もっと自分らしく過ごしましょう✨' | escape }}<\/p>\n  <br>\n  <p>{{ 'NoGenkiは、ゴシックのエッセンスを取り入れたユニークなスタイルを提案します♫' | escape }}<\/p>\n  <br>\n  <p>{{ '全てのデザインは一人のデザイナーが手掛けており、細部まで統一された美しさが特徴♡' | escape }}<\/p>\n  <br>\n  <p>{{ '日常に小さなときめきを添える特別な一着を見つけてみませんか💜' | escape }}<\/p>\n<\/div>","color_scheme":"scheme-2","padding_top":40,"padding_bottom":52}}},"order":["main","image_banner_rjEgGY","rich_text_QL7deK","custom_liquid_c3T7G8"]}