{"sections":{"main":{"type":"main-page","disabled":true,"settings":{"padding_top":28,"padding_bottom":28}},"custom_liquid_khJYta":{"type":"custom-liquid","settings":{"custom_liquid":"<!DOCTYPE html>\n<html lang=\"ja\">\n<head>\n    <meta charset=\"UTF-8\">\n    <meta name=\"viewport\" content=\"width=device-width, initial-scale=1.0\">\n    <title>SHOPPING GUIDANCE<\/title>\n    <style>\n        body {\n            font-family: Arial;\n            margin: 0;\n            padding: 0;\n            background-color: white;\n        }\n        \/* 页眉样式 *\/\n        .header {\n            font-family: Arial;\n            font-size: 16px;\n            color: black;\n            background-color: #F2ECF6;\n            padding: 10px 15px;\n            position: sticky;\n            top: 0;\n            z-index: 1000;\n            white-space: nowrap;\n            overflow: hidden;\n            text-overflow: ellipsis;\n        }\n        @media (max-width: 768px) {\n            .header {\n                font-size: 14px;\n            }\n        }\n        \/* 导航栏样式 *\/\n        .navbar {\n            background-color: white;\n            padding: 20px 0; \/* 按钮群的上下内边距 *\/\n            text-align: center;\n            display: flex;\n            flex-wrap: wrap;\n            justify-content: center;\n            gap: 10px;\n        }\n        .navbar a {\n            text-decoration: none;\n            color: black;\n            font-family: Arial;\n            font-size: 12px;\n            width: 140px;\n            height: 40px;\n            text-align: center;\n            line-height: 40px; \/* 确保按钮文字上下居中 *\/\n            border-radius: 25px;\n            background-color: #F2ECF6;\n            display: inline-block;\n            cursor: pointer;\n            box-sizing: border-box;\n        }\n        \/* 分割线样式 *\/\n        .divider {\n            width: 100%;\n            height: 2px;\n            background: linear-gradient(to right, transparent, black, transparent);\n            margin: 10px 0; \/* 分割线的上下间距 *\/\n        }\n        \/* 分段样式 *\/\n        .section {\n            max-width: 800px;\n            margin: 0 auto 0; \/* 完全去掉第一个标题与按钮群的距离 *\/\n            padding: 20px;\n        }\n        .section h1 {\n            font-size: 20px; \/* 缩小字体 *\/\n            text-align: center;\n            background-color: #F2ECF6;\n            padding: 5px; \/* 减少背景高度 *\/\n            margin-bottom: 20px;\n            border-radius: 5px;\n        }\n        \/* 调整跳转偏移量以确保标题完全显示 *\/\n        .section:target {\n            scroll-margin-top: 60px;\n        }\n    <\/style>\n<\/head>\n<body>\n\n<!-- 页眉 -->\n<div class=\"header\">\n    SHOPPING GUIDANCE\n<\/div>\n\n<!-- 次级导航栏 -->\n<div class=\"navbar\">\n    <a href=\"#section1\">店舗について<\/a>\n    <a href=\"#section2\">お支払い<\/a>\n    <a href=\"#section3\">配送<\/a>\n    <a href=\"#section4\">通知機能<\/a>\n    <a href=\"#section5\">返品・交換<\/a>\n    <a href=\"https:\/\/nogenki.com\/pages\/contact\" target=\"_blank\">お問い合わせ<\/a>\n<\/div>\n\n<!-- 分割线 -->\n<div class=\"divider\"><\/div>\n\n<!-- 分段1 -->\n<div id=\"section1\" class=\"section\">\n    <h1>店舗について<\/h1>\n    <div style=\"max-width: 800px; margin: 0 auto; padding: 20px;\">\n       <div>\n        <h2 style=\"font-family: Arial; margin-bottom: 10px; text-align: center; border-bottom: 3px solid #F2ECF6; display: inline-block;\">会社概要<\/h2>\n        <p style=\"font-family: Arial; margin-top: 0; text-align: left;\">\n            株式会社RUZO<br>\n            法人番号　4010001237784<br>\n            販売責任者名 井部 好夫<br>\n            所在地 東京都中央区入船３丁目2-9-404<br>\n            電話番号 03-6275-2101<br>\n            メールアドレス <a href=\"mailto:nogenki@hotmail.com\" style=\"text-decoration: underline;\">nogenki@hotmail.com<\/a><br>\n            ホームページURL <a href=\"https:\/\/nogenki.com\" target=\"_blank\" style=\"font-family: Arial;\">https:\/\/nogenki.com<\/a><p>※お電話でのお問い合わせは行っておりません。<\/p>\n        <\/p>\n        <h2 style=\"font-family: Arial; margin-bottom: 10px; text-align: center; border-bottom: 3px solid #F2ECF6; display: inline-block;\">会員登録について<\/h2>\n        <p style=\"font-family: Arial; margin-top: 0; text-align: left;\">\n            ・会員登録は無料です。会員登録いただきましたお客様には、NoGenKi全てのサービスが、ご利用可能となります。<br>\n            ・新規会員登録で今使える、<span style=\"font-weight: bold;\">300ポイント<\/span>をプレゼントにします！<br>\n            ・友達を招待して登録すると<span style=\"font-weight: bold;\">200ポイント<\/span>をプレゼント。<br>\n            ・購入金額の<span style=\"font-weight: bold;\">3％<\/span>をポイント還元、貯まったポイントは次回お買い物時に利用いただけます。<br>\n            ※<span style=\"font-weight: bold;\">1ポイント＝1円<\/span>からご利用いただけます。\n        <\/p>\n        <h2 style=\"font-family: Arial; margin-bottom: 10px; text-align: center; border-bottom: 3px solid #F2ECF6; display: inline-block;\">セキュリティ<\/h2>\n        <p style=\"font-family: Arial; margin-top: 0; text-align: left;\">\n            NoGenkiは、株式会社Shopifyが提供するオンラインショップ運営ASPサービスを利用しています。<br>\n            個人情報、注文情報、送信フォーム等の通信は、すべて<span style=\"font-weight: bold;\">SSL暗号化通信<\/span>（Secure Sockets Layer)により保護されています。<br>\n            安心してご利用ください。\n        <\/p>\n        <h2 style=\"font-family: Arial; margin-bottom: 10px; text-align: center; border-bottom: 3px solid #F2ECF6; display: inline-block;\">営業時間・休業日について<\/h2>\n        <p style=\"font-family: Arial; margin-top: 0; text-align: left;\">\n            休業日：<span style=\"font-weight: bold;\">日曜日<\/span>。<br>\n            なお、忙しい時期には、メールの返信が遅くなる可能性がありますので、ご了承ください。\n        <\/p>\n    <\/div>\n<\/div>\n<\/div>\n\n<!-- 分段2 -->\n<div id=\"section2\" class=\"section\">\n    <h1>お支払い<\/h1>\n    <div style=\"max-width: 800px; margin: 0 auto; padding: 20px;\">\n        <div>\n        <h2 style=\"font-family: Arial; margin-bottom: 10px; text-align: center; border-bottom: 3px solid #F2ECF6; display: inline-block;\">商品代金以外の必要金額<\/h2>\n        <p style=\"font-family: Arial; margin-top: 0; text-align: left;\">\n            ・送料（5000円以上送料無料！）※沖縄・離島エリアのみ送料ご請求致しますので予めご了承ください。<br>\n            ・手数料（支払方法による）<br>\n            ※詳細は、ご利用ガイドの送料とお支払い方法についてのページをご覧ください。\n        <\/p>\n        <h2 style=\"font-family: Arial; margin-bottom: 10px; text-align: center; border-bottom: 3px solid #F2ECF6; display: inline-block;\">配送・送料について<\/h2>\n        <p style=\"font-family: Arial; margin-top: 0; text-align: left;\">\n            国内でご注文いただいた商品は、佐川急便・宅配便にて配送しております。<br>\n            <span style=\"font-weight: bold;\">※International orders will be shipped by international logistics to the local area and delivered to the doorstep, your hand.<\/span><br>\n            国内送料：600円(税込)<br>\n            ※沖縄・離島エリアのみ1,950円(税込)<br>\n            1配送先につき、商品代合計5,000円以上ご注文いただいた場合、送料が無料になります。<br>\n            5,000円未満ご注文いただいた場合、送料は600円になります。<br>\n            ※沖縄は送料が異なりますのでご了承ください。<br>\n            International shipping Fee：2580円\n        <\/p>\n        <h2 style=\"font-family: Arial; margin-bottom: 10px; text-align: center; border-bottom: 3px solid #F2ECF6; display: inline-block;\">支払方法・支払い期限<\/h2>\n        \n        <div onclick=\"toggleExplain('creditCard')\" style=\"background-color: #f0f0f0; padding: 10px; cursor: pointer; margin-bottom: 5px;\">\n            クレジットカード\n        <\/div>\n        <div id=\"creditCard\" style=\"display: none; padding: 10px; border: 1px solid #ccc;\">\n            Visa、MasterCard、JCB、American Express、Diners Club International、Discoverに対応しております。<br>\n            ○クレジットカード決済のご注意点<br>\n            ・クレジットカード会社の審査によりましては、ご提供できない場合がございます。<br>\n            ・何らかの理由によりカードエラーが発生した場合にはご発送を止め、メールにてご連絡をさせていただきます。<br>\n            ・セキュリティ上の配慮から、クレジットカードのお客様控え(領収書)は原則としてお送りしておりません。<br>\n            ・本人認証（EMV 3-Dセキュア）を導入しております。\n        <\/div>\n\n        <div onclick=\"toggleExplain('payPay')\" style=\"background-color: #f0f0f0; padding: 10px; cursor: pointer; margin-bottom: 5px;\">\n            PayPay\n        <\/div>\n        <div id=\"payPay\" style=\"display: none; padding: 10px; border: 1px solid #ccc;\">\n            PayPayとは、「PayPay株式会社」が運営するキャッシュレス決済サービスです。<br>\n            ※ご利用時の注意：予約商品を含むご注文にはご利用いただけません。\n        <\/div>\n\n        <div onclick=\"toggleExplain('payPal')\" style=\"background-color: #f0f0f0; padding: 10px; cursor: pointer; margin-bottom: 5px;\">\n            PayPal\n        <\/div>\n        <div id=\"payPal\" style=\"display: none; padding: 10px; border: 1px solid #ccc;\">\n            PayPalとは、「PayPal株式会社」が運営するキャッシュレス決済サービスです。<br>\n            ※ご利用時の注意：予約商品を含むご注文にはご利用いただけません。\n        <\/div>\n\n        <div onclick=\"toggleExplain('convenience')\" style=\"background-color: #f0f0f0; padding: 10px; cursor: pointer; margin-bottom: 5px;\">\n            コンビニ決済\n        <\/div>\n        <div id=\"convenience\" style=\"display: none; padding: 10px; border: 1px solid #ccc;\">\n            コンビニ決済とは、コンビニエンスストアの代金収納による決済方法です。<br>\n            24時間いつでもコンビニエンスストアでお支払いいただける利便性があります。\n        <\/div>\n\n        <div onclick=\"toggleExplain('bankTransfer')\" style=\"background-color: #f0f0f0; padding: 10px; cursor: pointer; margin-bottom: 5px;\">\n            銀行振込\n        <\/div>\n        <div id=\"bankTransfer\" style=\"display: none; padding: 10px; border: 1px solid #ccc;\">\n            銀行振込とは、顧客がECで商品を購入し、その代金をEC事業者の銀行口座に直接振込む決済手段になります。\n        <\/div>\n\n        <div onclick=\"toggleExplain('paidy')\" style=\"background-color: #f0f0f0; padding: 10px; cursor: pointer; margin-bottom: 5px;\">\n            あと払い（ペイディ）\n        <\/div>\n        <div id=\"paidy\" style=\"display: none; padding: 10px; border: 1px solid #ccc;\">\n            ペイディは、オンラインショップ向け翌月払い決済です。<br>\n            お客様からの代金回収はペイディが行い、ショップは商品を発送できます。\n        <\/div>\n\n        <div onclick=\"toggleExplain('rakutenPay')\" style=\"background-color: #f0f0f0; padding: 10px; cursor: pointer; margin-bottom: 5px;\">\n            楽天ペイ\n        <\/div>\n        <div id=\"rakutenPay\" style=\"display: none; padding: 10px; border: 1px solid #ccc;\">\n            スマホ決済が簡単にできるアプリ。さまざまなお支払い方法が選べます。\n        <\/div>\n\n        <p style=\"font-family: Arial; margin-top: 0; text-align: left;\">\n            <span style=\"font-weight: bold;\">※Overseas buyers should complete the checkout By PayPal or Credit Card.<\/span>\n        <\/p>\n        <h2 style=\"font-family: Arial; margin-bottom: 10px; text-align: center; border-bottom: 3px solid #F2ECF6; display: inline-block;\">申込有効期限<\/h2>\n        <p style=\"font-family: Arial; margin-top: 0; text-align: left;\">\n            代金引換時の受け取り拒否などにより、お支払いを確認できなかった場合は返送された日時にご注文をキャンセルさせていただきますのでご了承ください。\n        <\/p>\n    <\/div>\n<\/div>\n\n<script>\n    function toggleExplain(id) {\n        const element = document.getElementById(id);\n        element.style.display = element.style.display === \"none\" ? \"block\" : \"none\";\n    }\n<\/script>\n\n<\/div>\n\n<!-- 分段3 -->\n<div id=\"section3\" class=\"section\">\n    <h1>配送<\/h1>\n    <div style=\"max-width: 800px; margin: 0 auto; padding: 20px;\">\n        <div>\n        <h2 style=\"font-family: Arial; margin-bottom: 10px; text-align: center; border-bottom: 3px solid #F2ECF6; display: inline-block;\">発送について<\/h2>\n        <p style=\"font-family: Arial; margin-top: 0; text-align: left;\">\n            ・在庫商品は注文後2日〜3日以内<br>\n            ・予約商品は注文後15日〜23日以内<br>\n            ● 生産状況、入荷状況などにより､お届け指定をお受けできない場合がございます｡<br>\n            ● 他の商品と同時にご注文いただきました場合は､予約販売商品の入荷後同梱で発送となりますので､予めご了承の上､お買い求めいただけますようお願い申し上げます｡<br>\n            　先に発送をご希望の場合は､ あらかじめ、お買い物かごを別けてご注文頂きますよう、よろしくお願いします。\n        <\/p>\n        <p style=\"font-family: Arial; margin-top: 0; text-align: left;\">\n            <span style=\"font-weight: bold;\">For buyers outside of Japan<\/span>, in-stock items will be shipped within 2-3 days after the order is placed.<br>\n            For pre-order items, it will take approximately 15 days to ship.<br>\n            <span style=\"font-weight: bold;\">※Depending on the destination country<\/span>, delivery to the customer may take 8-15 days.<br>\n            <span style=\"font-weight: bold;\">※Countries available for shipping:<\/span><br>\n            United States \/ Germany \/ France \/ Hong Kong \/ South Korea \/ Canada \/ Italy \/ Malaysia \/ Australia \/ Portugal \/ Sweden \/ United Arab Emirates \/ Denmark \/ Switzerland \/ Singapore \/ Spain \/ Poland \/ Finland \/ Netherlands \/ Ireland \/ Austria \/ Belgium \/ Czech Republic \/ Norway \/ New Zealand\n        <\/p>\n        <p style=\"font-family: Arial; margin-top: 0; text-align: left;\">\n            In general, deliveries to European countries are handled by <span style=\"font-weight: bold;\">Deutsche Post<\/span>, the United States by <span style=\"font-weight: bold;\">USPS<\/span>, and the United Kingdom by <span style=\"font-weight: bold;\">Royal Mail<\/span>. For other countries, the delivery method will be arranged separately. For more details, please inquire with our customer service, and we will respond as soon as possible.\n        <\/p>\n        <h2 style=\"font-family: Arial; margin-bottom: 10px; text-align: center; border-bottom: 3px solid #F2ECF6; display: inline-block;\">長期不在・受取拒否について<\/h2>\n        <p style=\"font-family: Arial; margin-top: 0; text-align: left;\">\n            発送後、佐川運輸営業所でのお荷物保管期間は理由にかかわらず最大7日間となります。不在票がございましたら、早急に不在票記載の最寄店まで再配達をご依頼下さいませ。<br>\n            商品発送後の長期不在・受取拒否等により商品が返送された場合、お客様都合のキャンセルとしての取り扱いとなります。荷物の再配送はいたしかねますので予めご了承下さいませ。<br>\n            ※キャンセルの連絡はいたしませんのでご了承くださませ。<br>\n            ※ご利用いただいたポイントのご返還はいたし兼ねます。\n        <\/p>\n        <p style=\"font-family: Arial; margin-top: 0; text-align: left;\">\n            ※長期ご不在などでお受け取り拒否が３度続いたお客様、また、当サイトがご要望にお応えするのは不可能と判断したお客様に関しましては、恐縮ですがご利用を停止させていただきます。<br>\n            ご注文いただいた場合、ご注文確定メールは届きますが、自動的にキャンセル処理が行われますので、ご理解・ご了承お願い申し上げます。\n        <\/p>\n    <\/div>\n<\/div>\n\n<\/div>\n\n<!-- 分段4 -->\n<div id=\"section4\" class=\"section\">\n    <h1>通知機能<\/h1>\n    <div style=\"max-width: 800px; margin: 0 auto; padding: 20px;\">\n        <div>\n        <h2 style=\"font-family: Arial; margin-bottom: 10px; text-align: center; border-bottom: 3px solid #F2ECF6; display: inline-block;\">ご注文確認メールについて<\/h2>\n        <p style=\"font-family: Arial; margin-top: 0; text-align: left;\">\n            ご注文が完了した際は、ご登録のメールアドレスへご注文完了メールをお届けしております。メールが届かない場合、ご注文が完了していないか、ドメイン指定受信をされている可能性があります。<br>\n            ※「トップページ」⇒「ACCOUNT」⇒「注文」よりご注文を確認し、記載がない場合は、注文が完了しておりません。再度、ご注文いただきます様お願い申し上げます。<br>\n            ※Softbank、au、docomo等のキャリアメールをご利用のお客様にメールが受信できてない場合がありますが、迷惑メール設定等のセキュリティ設定をしている場合は注文確定メールが【迷惑フォルダ】などに振り分けされている場合があります。「<span style=\"font-weight: bold;\">nogenki.com<\/span>」を指定受信リストに追加していただけます様お願いいたします。<br>\n            上記に該当しない場合は、お手数ですが「NoGenki」までメールにてご連絡下さい。また、お客さまの方でドメイン指定受信の設定をされていますとメールが届きませんので、必ず「<span style=\"font-weight: bold;\">nogenki.com<\/span>」を指定受信リストに追加してからお問い合わせ下さい。\n        <\/p>\n    <\/div>\n<\/div>\n\n<\/div>\n\n<!-- 分段5 -->\n<div id=\"section5\" class=\"section\">\n    <h1>返品・交換<\/h1>\n    <div style=\"max-width: 800px; margin: 0 auto; padding: 20px;\">\n        <div>\n        <h2 style=\"font-family: Arial; margin-bottom: 10px; text-align: center; border-bottom: 3px solid #F2ECF6; display: inline-block;\">返品特約について<\/h2>\n        <p style=\"font-family: Arial; margin-top: 0; text-align: left;\">\n            <strong>1. 返品・交換のお手続について<\/strong><br>\n            返品条件を商品の返品・交換は不良品、破損品または注文と違う商品が届いた場合に限り承ります。<br>\n            ※不良品、破損品または注文と違う商品が届いた場合以外の理由、（お客様のご都合によるものを含む）返品・交換は承っておりませんので、ご了承ください。<br>\n            返品・交換をご希望の場合は、商品到着後5日以内に本サイト上のお問い合せフォームまたはメールにてご連絡の上、当社が指定する返送先までご返送ください。<br>\n            交換商品の発送は、ご返送いただきました商品が当社に到着し、当社にて該当商品をご用意でき次第、直ちに発送いたします。<br>\n            なお、交換につきましては、該当商品の在庫がある場合に限らせていただきます。<br>\n            在庫切れ等により交換がお受けできない場合には、商品代金に加えて送料・代引手数料を銀行振込により返金させていただきますので、ご了承ください。<br>\n            返品・交換のお手続きに対して、お客様に商品到着後、ご使用されてしまった商品、又は洗濯やクリーニングなどされた商品に関しましては、一切の返品•交換はお受けできませんので予めご了承ください。<br>\n            <span style=\"font-weight: bold;\">We can not return or exchange products shipped overseas (such as orders through overseas transfer companies) for any reason. Please note.<\/span>\n        <\/p>\n        <p style=\"font-family: Arial; margin-top: 0; text-align: left;\">\n            <strong>2. 返品・交換時の際の送料について<\/strong><br>\n            以下の事由に該当する当社理由の返品・交換の場合、当社にて送料を負担いたします。<br>\n            ○ 注文と違う商品または数量が届いた場合。<br>\n            ○ 不良品または破損品の場合。\n        <\/p>\n        <p style=\"font-family: Arial; margin-top: 0; text-align: left;\">\n            <strong>3. 返品・交換をお受けできない場合について<\/strong><br>\n            ○ 商品到着後5日以内にお問い合わせフォームにて、返品・交換のご連絡をいただいていない場合。<br>\n            ○ スペシャルプライス・期間限定プライス・まとめ買いキャンペーン等で当初の価格より値下げされた商品の場合。<br>\n            ○ 商品を着用または洗濯された場合。<br>\n            ○ お客様のもとで商品のタグ(下げ札)・替えボタン・商品箱等の付属品の紛失・破損が生じた場合。<br>\n            ○ お客様のもとで傷、汚れが生じた場合。<br>\n            ○ ピアス等、衛生上の観点から返品・交換不可の商品の場合。\n        <\/p>\n        <p style=\"font-family: Arial; margin-top: 0; text-align: left;\">\n            以下の事由に該当するお客様のご都合による返品はできません。<br>\n            ○ ご注文間違いの場合(品番、カラー、サイズ、数量)。<br>\n            ○ デザインやカラー、素材がイメージしていたものと違う場合。<br>\n            ○ その他、お客様ご都合の場合。\n        <\/p>\n        <p style=\"font-family: Arial; margin-top: 0; text-align: left;\">\n            <strong>4. 返品・交換のご連絡方法<\/strong><br>\n            ※お電話での返品・交換受付は行っておりません。<br>\n            お手数ですがメールかログイン後、返品申請にてご連絡をお願いします。\n        <\/p>\n        <p style=\"font-family: Arial; margin-top: 0; text-align: left;\">\n            <strong>5. 禁止事項について<\/strong><br>\n            ご指定頂いたご住所での商品受け取りが３回続けて不在になりますと受け取り拒否と判断させていただきます。<br>\n            受け取り拒否を致しますと、本サービスのご利用停止となります事をご了承下さい。<br>\n            ※ケースに寄っては、商品往復送料及び手数料（実費）ご請求させていただきます。\n        <\/p>\n    <\/div>\n    <hr style=\"border: none; border-top: 2px solid #F2ECF6; margin: 20px 0;\">\n<\/div>\n\n<\/div>\n\n<\/body>\n<\/html>","color_scheme":"scheme-2","padding_top":40,"padding_bottom":52}}},"order":["main","custom_liquid_khJYta"]}