{"sections":{"main":{"type":"main-product","blocks":{"text_6WYVR6":{"type":"text","settings":{"text":"{{ product.title }}","text_style":"subtitle"}},"text_agpLQH":{"type":"text","settings":{"text":"[<a href=\"\/pages\/第二个页面\" title=\"返品、交換について\">返品、交換について<\/a>]","text_style":"body"}},"text_Hc3JBr":{"type":"text","settings":{"text":"","text_style":"body"}},"price":{"type":"price","settings":{}},"description":{"type":"description","settings":{}}},"block_order":["text_6WYVR6","text_agpLQH","text_Hc3JBr","price","description"],"settings":{"enable_sticky_info":true,"color_scheme":"scheme-2","media_size":"small","constrain_to_viewport":false,"media_fit":"cover","gallery_layout":"thumbnail_slider","media_position":"right","image_zoom":"lightbox","mobile_thumbnails":"hide","hide_variants":true,"enable_video_looping":false,"padding_top":36,"padding_bottom":36}},"quick-order-list":{"type":"quick-order-list","settings":{"show_image":true,"show_sku":false,"color_scheme":"scheme-2","padding_top":20,"padding_bottom":12}},"1726758202a184d3b4":{"type":"apps","blocks":{"judge_me_reviews_review_widget_c8DXhA":{"type":"shopify:\/\/apps\/judge-me-reviews\/blocks\/review_widget\/61ccd3b1-a9f2-4160-9fe9-4fec8413e5d8","settings":{}}},"block_order":["judge_me_reviews_review_widget_c8DXhA"],"settings":{"include_margins":true}},"related-products":{"type":"related-products","settings":{"heading":"Other industry favorites","heading_size":"h2","products_to_show":5,"columns_desktop":5,"color_scheme":"scheme-2","image_ratio":"adapt","image_shape":"default","show_secondary_image":false,"show_vendor":false,"show_rating":false,"columns_mobile":"2","padding_top":36,"padding_bottom":44}}},"order":["main","quick-order-list","1726758202a184d3b4","related-products"]}