{
  "article": [],
  "blog": [],
  "collection": [],
  "company": [],
  "company_location": [],
  "location": [],
  "market": [],
  "order": [],
  "page": [],
  "product": [],
  "variant": [
    {
      "key": "custom_label_4",
      "namespace": "mm-google-shopping",
      "name": "Google: Custom Label 4",
      "description": "Label that you assign to a product to help organize bidding and reporting in Shopping campaigns.",
      "type": {
        "name": "single_line_text_field",
        "category": "TEXT"
      }
    },
    {
      "key": "custom_label_3",
      "namespace": "mm-google-shopping",
      "name": "Google: Custom Label 3",
      "description": "Label that you assign to a product to help organize bidding and reporting in Shopping campaigns.",
      "type": {
        "name": "single_line_text_field",
        "category": "TEXT"
      }
    },
    {
      "key": "custom_label_2",
      "namespace": "mm-google-shopping",
      "name": "Google: Custom Label 2",
      "description": "Label that you assign to a product to help organize bidding and reporting in Shopping campaigns.",
      "type": {
        "name": "single_line_text_field",
        "category": "TEXT"
      }
    },
    {
      "key": "custom_label_1",
      "namespace": "mm-google-shopping",
      "name": "Google: Custom Label 1",
      "description": "Label that you assign to a product to help organize bidding and reporting in Shopping campaigns.",
      "type": {
        "name": "single_line_text_field",
        "category": "TEXT"
      }
    },
    {
      "key": "custom_label_0",
      "namespace": "mm-google-shopping",
      "name": "Google: Custom Label 0",
      "description": "Label that you assign to a product to help organize bidding and reporting in Shopping campaigns.",
      "type": {
        "name": "single_line_text_field",
        "category": "TEXT"
      }
    },
    {
      "key": "size_system",
      "namespace": "mm-google-shopping",
      "name": "Google: Size System",
      "description": "The country of the size system used by your product.",
      "type": {
        "name": "single_line_text_field",
        "category": "TEXT"
      }
    },
    {
      "key": "size_type",
      "namespace": "mm-google-shopping",
      "name": "Google: Size Type",
      "description": "Your apparel product’s cut.",
      "type": {
        "name": "single_line_text_field",
        "category": "TEXT"
      }
    },
    {
      "key": "mpn",
      "namespace": "mm-google-shopping",
      "name": "Google: MPN",
      "description": "Your product’s Manufacturer Part Number (MPN).",
      "type": {
        "name": "single_line_text_field",
        "category": "TEXT"
      }
    },
    {
      "key": "gender",
      "namespace": "mm-google-shopping",
      "name": "Google: Gender",
      "description": "The gender for which your product is intended.",
      "type": {
        "name": "single_line_text_field",
        "category": "TEXT"
      }
    },
    {
      "key": "condition",
      "namespace": "mm-google-shopping",
      "name": "Google: Condition",
      "description": "The condition of your product at time of sale.",
      "type": {
        "name": "single_line_text_field",
        "category": "TEXT"
      }
    },
    {
      "key": "age_group",
      "namespace": "mm-google-shopping",
      "name": "Google: Age Group",
      "description": "The demographic for which your product is intended.",
      "type": {
        "name": "single_line_text_field",
        "category": "TEXT"
      }
    }
  ],
  "shop": []
}